номер улучшения (id),Улучшение,Приобретаемый Уровень Улучшения,Ограничения на покупку,Стоимость улучшения,Прибыль в час,рост стоимости,рост дохода в час,,,,,
1,Спорт,1,нет,"р.500,00","р.100,00",,,,"р.500,00",,"р.3,57","в 3,57 раз превышает требуемый доход для перехода на след левел доступный доход на данном левеле"
2,Питание ,1,нет,"р.800,00","р.125,00",,,,"р.800,00",,"в среднем надо, чтобы было на мелких уровнях 3, затем 1,5 и все менее и менее",
3,Сон,1,нет,"р.4 000,00","р.650,00",,,,"р.4 000,00",,,
4,Мозг,1,Сон ур 1 ,"р.15 000,00","р.2 500,00",,,,"р.15 000,00",,,
5,Дисциплина,1,нет,"р.1 000,00","р.200,00",,,,"р.1 000,00",,,
6,Инициативность,1,нет,"р.1 200,00","р.200,00",,,,"р.1 200,00",,,
7,Стрессоустойчивость,1,Сон ур 2,"р.3 000,00","р.375,00",,,,"р.3 000,00",,,
8,Креативность,1,Уровень персонажа 5,"р.10 000,00","р.1 300,00",,,,"р.10 000,00",,,
9,Этика,1,Креативность ур 5,"р.5 000,00","р.425,00",,,,"р.5 000,00",,,
10,Самоуверенность,1,Этика ур 2,"р.30 000,00","р.2 000,00",,,,,,,
11,Эмоциональный интеллект,1,Самоуверенность ур 5,"р.100 000,00","р.5 600,00",,,,,,,
12,Критическое мышление,1,Эмоциональный интеллект ур 5,"р.500 000,00","р.25 000,00",,,,,,,
13,Внимание,1,Критическое мышлени ур 3,"р.700 000,00","р.28 000,00",,,,,,,
14,Память,1,Внимание ур 5,"р.1 000 000,00","р.33 500,00",,,,,,,
15,Логика,1,нет,"р.1 200,00","р.175,00",,,,"р.1 200,00",,,
16,Умение убеждать,1,Логика ур 2,"р.3 000,00","р.500,00",,,,"р.3 000,00",,,
17,Ведение переговоров,1,Логика ур 3,"р.7 000,00","р.700,00",,,,"р.7 000,00",,,
18,Эмпатия,1,Ведение переговоров ур 1,"р.10 000,00","р.1 300,00",,,,,,,
19,Управление конфликтами,1,Инициативность ур 5,"р.28 000,00","р.2 500,00",,,,,,,
20,Публичные выступления,1,Стрессоустойчивость ур 3,"р.40 000,00","р.4 000,00",,,,,,,
21,Лидерство,1,Уровень персонажа 2 и стрессоустойчивость 5,"р.1 400,00","р.200,00",,,,"р.1 400,00",,,
22,Управление проектами,1,Уровень персонажа 2,"р.2 000,00","р.250,00",,,,"р.2 000,00",,,
23,Планирование,1,нет,"р.12 000,00","р.800,00",,,,"р.12 000,00",,,
24,Мотивация команды,1,Уровень персонажа 5,"р.17 000,00","р.1 700,00",,,,"р.17 000,00",,,
1,Спорт,2,нет,"р.800,00","р.125,00","1,6","1,25",,"р.800,00",,,
2,Питание ,2,нет,"р.1 400,00","р.200,00","1,75","1,6",,"р.1 400,00",,,
3,Сон,2,нет,"р.7 000,00","р.900,00","1,75","1,384615385",,"р.7 000,00",,,
4,Мозг,2,Сон ур 2,"р.24 500,00","р.3 300,00","1,633333333","1,32",,"р.24 500,00",,,
5,Дисциплина,2,нет,"р.1 700,00","р.300,00","1,7","1,5",,"р.1 700,00",,,
6,Инициативность,2,нет,"р.2 100,00","р.300,00","1,75","1,5",,"р.2 100,00",,,
7,Стрессоустойчивость,2,Сон ур 3,"р.4 600,00","р.600,00","1,533333333","1,6",,"р.4 600,00",,,
8,Креативность,2,нет,"р.17 000,00","р.1 900,00","1,7","1,461538462",,"р.17 000,00",,,
9,Этика,2,нет,"р.9 000,00","р.600,00","1,8","1,411764706",,"р.9 000,00",,,
10,Самоуверенность,2,Этика ур 3,"р.46 000,00","р.2 900,00","1,533333333","1,45",,,,,
11,Эмоциональный интеллект,2,Самоуверенность ур 6,"р.144 000,00","р.8 000,00","1,44","1,428571429",,,,,
12,Критическое мышление,2,Эмоциональный интеллект ур 6,"р.759 500,00","р.35 500,00","1,519","1,42",,,,,
13,Внимание,2,Критическое мышлени ур 4,"р.1 257 500,00","р.36 000,00","1,796428571","1,285714286",,,,,
14,Память,2,Внимание ур 6,"р.1 537 500,00","р.48 000,00","1,5375","1,432835821",,,,,
15,Логика,2,нет,"р.1 900,00","р.250,00","1,583333333","1,428571429",,"р.1 900,00",,,
16,Умение убеждать,2,нет,"р.4 900,00","р.800,00","1,633333333","1,6",,"р.4 900,00",,,
17,Ведение переговоров,2,нет,"р.10 500,00","р.900,00","1,5","1,285714286",,"р.10 500,00",,,
18,Эмпатия,2,Ведение переговоров ур 2,"р.17 500,00","р.1 900,00","1,75","1,461538462",,"р.17 500,00",,,
19,Управление конфликтами,2,Инициативность ур 6,"р.47 000,00","р.3 300,00","1,678571429","1,32",,,,,
20,Публичные выступления,2,Стрессоустойчивость ур 4,"р.60 500,00","р.5 500,00","1,5125","1,375",,,,,
21,Лидерство,2,нет,"р.2 300,00","р.250,00","1,642857143","1,25",,"р.2 300,00",,,
22,Управление проектами,2,Уровень персонажа 3,"р.2 900,00","р.350,00","1,45","1,4",,"р.2 900,00",,,
23,Планирование,2,Дисциплина 3,"р.17 500,00","р.1 200,00","1,458333333","1,5",,"р.17 500,00",,,
24,Мотивация команды,2,Уровень персонажа 6,"р.30 500,00","р.2 300,00","1,794117647","1,352941176",,"р.30 500,00",,,
1,Спорт,3,нет,"р.1 200,00","р.200,00","1,5","1,6",,,,,
2,Питание ,3,нет,"р.2 500,00","р.300,00","1,785714286","1,5",,,,,
3,Сон,3,нет,"р.11 000,00","р.1 300,00","1,571428571","1,444444444",,,,,
4,Мозг,3,нет,"р.38 000,00","р.5 500,00","1,551020408","1,666666667",,,,,
5,Дисциплина,3,нет,"р.2 800,00","р.600,00","1,647058824",2,,,,,
6,Инициативность,3,нет,"р.3 100,00","р.600,00","1,476190476",2,,,,,
7,Стрессоустойчивость,3,нет,"р.7 500,00","р.1 000,00","1,630434783","1,666666667",,,,,
8,Креативность,3,Уровень персонажа 7,"р.24 000,00","р.2 800,00","1,411764706","1,473684211",,,,,
9,Этика,3,Креативность ур 5,"р.13 000,00","р.1 100,00","1,444444444","1,833333333",,,,,
10,Самоуверенность,3,Этика ур 3,"р.76 000,00","р.4 800,00","1,652173913","1,655172414",,,,,
11,Эмоциональный интеллект,3,Самоуверенность ур 7,"р.254 500,00","р.12 500,00","1,767361111","1,5625",,,,,
12,Критическое мышление,3,Эмоциональный интеллект ур 7,"р.1 289 000,00","р.51 000,00","1,69716919","1,436619718",,,,,
13,Внимание,3,Критическое мышлени ур 5,"р.2 191 500,00","р.61 500,00","1,742743539","1,708333333",,,,,
14,Память,3,Внимание ур 7,"р.2 554 500,00","р.74 500,00","1,661463415","1,552083333",,,,,
15,Логика,3,нет,"р.3 200,00","р.450,00","1,684210526","1,8",,,,,
16,Умение убеждать,3,нет,"р.7 000,00","р.1 300,00","1,428571429","1,625",,,,,
17,Ведение переговоров,3,нет,"р.17 000,00","р.1 500,00","1,619047619","1,666666667",,,,,
18,Эмпатия,3,Ведение переговоров ур 3,"р.29 000,00","р.2 900,00","1,657142857","1,526315789",,,,,
19,Управление конфликтами,3,Инициативность ур 7,"р.70 000,00","р.4 900,00","1,489361702","1,484848485",,,,,
20,Публичные выступления,3,Стрессоустойчивость ур 5,"р.104 500,00","р.9 000,00","1,727272727","1,636363636",,,,,
21,Лидерство,3,нет,"р.3 500,00","р.375,00","1,52173913","1,5",,,,,
22,Управление проектами,3,Уровень персонажа 7,"р.4 800,00","р.500,00","1,655172414","1,428571429",,,,,
23,Планирование,3,нет,"р.30 500,00","р.1 900,00","1,742857143","1,583333333",,,,,
24,Мотивация команды,3,нет,"р.50 000,00","р.4 100,00","1,639344262","1,782608696",,,,,
1,Спорт,4,нет,"р.2 000,00","р.375,00","1,666666667","1,875",,,,,
2,Питание ,4,нет,"р.4 300,00","р.600,00","1,72",2,,,,,
3,Сон,4,нет,"р.17 500,00","р.2 000,00","1,590909091","1,538461538",,,,,
4,Мозг,4,Стрессоустойчивость 6,"р.60 000,00","р.10 000,00","1,578947368","1,818181818",,,,,
5,Дисциплина,4,нет,"р.4 300,00","р.1 000,00","1,535714286","1,666666667",,,,,
6,Инициативность,4,нет,"р.6 000,00","р.1 100,00","1,935483871","1,833333333",,,,,
7,Стрессоустойчивость,4,нет,"р.13 500,00","р.1 800,00","1,8","1,8",,,,,
8,Креативность,4,Уровень персонажа 8,"р.36 000,00","р.4 500,00","1,5","1,607142857",,,,,
9,Этика,4,Логика 4,"р.18 500,00","р.2 000,00","1,423076923","1,818181818",,,,,
10,Самоуверенность,4,Этика ур 3,"р.127 500,00","р.8 500,00","1,677631579","1,770833333",,,,,
11,Эмоциональный интеллект,4,Самоуверенность ур 8,"р.415 500,00","р.20 000,00","1,632612967","1,6",,,,,
12,Критическое мышление,4,Эмоциональный интеллект ур 8,"р.2 059 000,00","р.75 000,00","1,597362296","1,470588235",,,,,
13,Внимание,4,Критическое мышлени ур 6,"р.3 148 500,00","р.97 000,00","1,436687201","1,577235772",,,,,
14,Память,4,Внимание ур 8,"р.4 149 500,00","р.119 500,00","1,624388334","1,604026846",,,,,
15,Логика,4,нет,"р.5 500,00","р.800,00","1,71875","1,777777778",,,,,
16,Умение убеждать,4,нет,"р.12 000,00","р.2 000,00","1,714285714","1,538461538",,,,,
17,Ведение переговоров,4,нет,"р.28 500,00","р.2 200,00","1,676470588","1,466666667",,,,,
18,Эмпатия,4,Ведение переговоров ур 4,"р.42 000,00","р.4 500,00","1,448275862","1,551724138",,,,,
19,Управление конфликтами,4,нет,"р.99 000,00","р.7 500,00","1,414285714","1,530612245",,,,,
20,Публичные выступления,4,нет,"р.173 000,00","р.13 000,00","1,655502392","1,444444444",,,,,
21,Лидерство,4,нет,"р.6 000,00","р.700,00","1,714285714","1,866666667",,,,,
22,Управление проектами,4,нет,"р.7 000,00","р.900,00","1,458333333","1,8",,,,,
23,Планирование,4,нет,"р.45 500,00","р.2 700,00","1,491803279","1,421052632",,,,,
24,Мотивация команды,4,нет,"р.88 500,00","р.7 500,00","1,77","1,829268293",,,,,
1,Спорт,5,нет,"р.3 400,00","р.600,00","1,7","1,6",,,,,
2,Питание ,5,нет,"р.7 500,00","р.900,00","1,744186047","1,5",,,,,
3,Сон,5,нет,"р.26 000,00","р.3 100,00","1,485714286","1,55",,,,,
4,Мозг,5,нет,"р.91 500,00","р.17 000,00","1,525","1,7",,,,,
5,Дисциплина,5,нет,"р.7 000,00","р.1 800,00","1,627906977","1,8",,,,,
6,Инициативность,5,нет,"р.10 000,00","р.1 900,00","1,666666667","1,727272727",,,,,
7,Стрессоустойчивость,5,нет,"р.24 500,00","р.3 000,00","1,814814815","1,666666667",,,,,
8,Креативность,5,Уровень персонажа 8,"р.63 500,00","р.7 000,00","1,763888889","1,555555556",,,,,
9,Этика,5,нет,"р.29 000,00","р.3 100,00","1,567567568","1,55",,,,,
10,Самоуверенность,5,Этика ур 3,"р.192 500,00","р.15 000,00","1,509803922","1,764705882",,,,,
11,Эмоциональный интеллект,5,Самоуверенность ур 9,"р.653 000,00","р.29 500,00","1,571600481","1,475",,,,,
12,Критическое мышление,5,Эмоциональный интеллект ур 8,"р.3 201 000,00","р.132 500,00","1,554638174","1,766666667",,,,,
13,Внимание,5,Критическое мышлени ур 6,"р.5 344 500,00","р.146 500,00","1,697474988","1,510309278",,,,,
14,Память,5,Внимание ур 8,"р.6 236 000,00","р.181 500,00","1,502831666","1,518828452",,,,,
15,Логика,5,нет,"р.8 000,00","р.1 200,00","1,454545455","1,5",,,,,
16,Умение убеждать,5,нет,"р.20 000,00","р.3 500,00","1,666666667","1,75",,,,,
17,Ведение переговоров,5,нет,"р.40 500,00","р.3 800,00","1,421052632","1,727272727",,,,,
18,Эмпатия,5,Ведение переговоров ур 4,"р.74 000,00","р.6 500,00","1,761904762","1,444444444",,,,,
19,Управление конфликтами,5,Инициативность ур 8,"р.177 500,00","р.13 000,00","1,792929293","1,733333333",,,,,
20,Публичные выступления,5,Стрессоустойчивость ур 6,"р.302 000,00","р.20 500,00","1,74566474","1,576923077",,,,,
21,Лидерство,5,нет,"р.9 000,00","р.1 300,00","1,5","1,857142857",,,,,
22,Управление проектами,5,Уровень персонажа 8,"р.12 500,00","р.1 500,00","1,785714286","1,666666667",,,,,
23,Планирование,5,нет,"р.75 000,00","р.4 800,00","1,648351648","1,777777778",,,,,
24,Мотивация команды,5,нет,"р.131 500,00","р.12 000,00","1,485875706","1,6",,,,,
1,Спорт,6,нет,"р.5 500,00","р.1 100,00","1,617647059","1,833333333",,,,,
2,Питание ,6,нет,"р.13 500,00","р.1 400,00","1,8","1,555555556",,,,,
3,Сон,6,нет,"р.46 000,00","р.5 500,00","1,769230769","1,774193548",,,,,
4,Мозг,6,Этика ур 4,"р.141 500,00","р.28 000,00","1,546448087","1,647058824",,,,,
5,Дисциплина,6,нет,"р.12 500,00","р.2 800,00","1,785714286","1,555555556",,,,,
6,Инициативность,6,нет,"р.16 500,00","р.3 200,00","1,65","1,684210526",,,,,
7,Стрессоустойчивость,6,нет,"р.35 000,00","р.5 000,00","1,428571429","1,666666667",,,,,
8,Креативность,6,Уровень персонажа 9,"р.114 000,00","р.13 000,00","1,795275591","1,857142857",,,,,
9,Этика,6,нет,"р.42 000,00","р.5 500,00","1,448275862","1,774193548",,,,,
10,Самоуверенность,6,Этика ур 4,"р.328 000,00","р.25 000,00","1,703896104","1,666666667",,,,,
11,Эмоциональный интеллект,6,Самоуверенность ур 10,"р.1 068 000,00","р.52 500,00","1,635528331","1,779661017",,,,,
12,Критическое мышление,6,Эмоциональный интеллект ур 8,"р.4 672 500,00","р.187 500,00","1,459700094","1,41509434",,,,,
13,Внимание,6,Критическое мышлени ур 7,"р.8 469 000,00","р.262 500,00","1,584619702","1,791808874",,,,,
14,Память,6,Внимание ур 8,"р.9 220 500,00","р.313 500,00","1,478592046","1,727272727",,,,,
15,Логика,6,нет,"р.11 500,00","р.2 200,00","1,4375","1,833333333",,,,,
16,Умение убеждать,6,Логика 5,"р.30 000,00","р.6 500,00","1,5","1,857142857",,,,,
17,Ведение переговоров,6,нет,"р.68 000,00","р.6 500,00","1,679012346","1,710526316",,,,,
18,Эмпатия,6,Ведение переговоров ур 4,"р.116 000,00","р.11 000,00","1,567567568","1,692307692",,,,,
19,Управление конфликтами,6,Инициативность ур 8,"р.264 000,00","р.20 500,00","1,487323944","1,576923077",,,,,
20,Публичные выступления,6,Стрессоустойчивость ур 6,"р.486 000,00","р.36 500,00","1,609271523","1,780487805",,,,,
21,Лидерство,6,нет,"р.14 000,00","р.2 300,00","1,555555556","1,769230769",,,,,
22,Управление проектами,6,Уровень персонажа 8,"р.21 000,00","р.2 600,00","1,68","1,733333333",,,,,
23,Планирование,6,нет,"р.124 500,00","р.7 500,00","1,66","1,5625",,,,,
24,Мотивация команды,6,нет,"р.206 000,00","р.20 500,00","1,566539924","1,708333333",,,,,
1,Спорт,7,,"р.8 500,00","р.1 700,00","1,545454545","1,545454545",,,,,
2,Питание ,7,,"р.23 000,00","р.2 200,00","1,703703704","1,571428571",,,,,
3,Сон,7,,"р.78 000,00","р.9 000,00","1,695652174","1,636363636",,,,,
4,Мозг,7,,"р.199 000,00","р.44 000,00","1,406360424","1,571428571",,,,,
5,Дисциплина,7,,"р.22 000,00","р.5 500,00","1,76","1,964285714",,,,,
6,Инициативность,7,,"р.29 500,00","р.4 500,00","1,787878788","1,40625",,,,,
7,Стрессоустойчивость,7,,"р.51 500,00","р.9 000,00","1,471428571","1,8",,,,,
8,Креативность,7,,"р.166 500,00","р.19 500,00","1,460526316","1,5",,,,,
9,Этика,7,,"р.65 000,00","р.8 500,00","1,547619048","1,545454545",,,,,
10,Самоуверенность,7,,"р.567 000,00","р.36 000,00","1,728658537","1,44",,,,,
11,Эмоциональный интеллект,7,,"р.1 587 000,00","р.75 000,00","1,485955056","1,428571429",,,,,
12,Критическое мышление,7,,"р.6 896 000,00","р.316 000,00","1,475869449","1,685333333",,,,,
13,Внимание,7,,"р.12 126 000,00","р.377 500,00","1,431810131","1,438095238",,,,,
14,Память,7,,"р.16 481 000,00","р.561 500,00","1,787430183","1,791068581",,,,,
15,Логика,7,,"р.16 500,00","р.3 700,00","1,434782609","1,681818182",,,,,
16,Умение убеждать,7,,"р.46 500,00","р.9 500,00","1,55","1,461538462",,,,,
17,Ведение переговоров,7,,"р.103 500,00","р.11 000,00","1,522058824","1,692307692",,,,,
18,Эмпатия,7,,"р.194 000,00","р.15 500,00","1,672413793","1,409090909",,,,,
19,Управление конфликтами,7,,"р.375 000,00","р.35 000,00","1,420454545","1,707317073",,,,,
20,Публичные выступления,7,,"р.709 000,00","р.62 500,00","1,458847737","1,712328767",,,,,
21,Лидерство,7,,"р.21 500,00","р.3 600,00","1,535714286","1,565217391",,,,,
22,Управление проектами,7,,"р.36 000,00","р.4 500,00","1,714285714","1,730769231",,,,,
23,Планирование,7,,"р.179 000,00","р.12 500,00","1,437751004","1,666666667",,,,,
24,Мотивация команды,7,,"р.307 500,00","р.36 000,00","1,492718447","1,756097561",,,,,
1,Спорт,8,,"р.12 500,00","р.2 500,00","1,470588235","1,470588235",,,,,
2,Питание ,8,,"р.38 000,00","р.3 300,00","1,652173913","1,5",,,,,
3,Сон,8,,"р.118 500,00","р.15 500,00","1,519230769","1,722222222",,,,,
4,Мозг,8,,"р.331 000,00","р.69 000,00","1,663316583","1,568181818",,,,,
5,Дисциплина,8,,"р.32 000,00","р.8 000,00","1,454545455","1,454545455",,,,,
6,Инициативность,8,,"р.51 500,00","р.7 500,00","1,745762712","1,666666667",,,,,
7,Стрессоустойчивость,8,,"р.84 000,00","р.13 000,00","1,631067961","1,444444444",,,,,
8,Креативность,8,,"р.287 500,00","р.28 000,00","1,726726727","1,435897436",,,,,
9,Этика,8,,"р.115 500,00","р.14 000,00","1,776923077","1,647058824",,,,,
10,Самоуверенность,8,,"р.996 500,00","р.58 000,00","1,757495591","1,611111111",,,,,
11,Эмоциональный интеллект,8,,"р.2 707 000,00","р.123 000,00","1,705734089","1,64",,,,,
12,Критическое мышление,8,,"р.11 696 500,00","р.529 500,00","1,69612819","1,675632911",,,,,
13,Внимание,8,,"р.18 504 500,00","р.578 000,00","1,526018473","1,531125828",,,,,
14,Память,8,,"р.27 871 000,00","р.980 000,00","1,691098841","1,745325022",,,,,
15,Логика,8,,"р.26 500,00","р.7 000,00","1,606060606","1,891891892",,,,,
16,Умение убеждать,8,,"р.66 000,00","р.14 500,00","1,419354839","1,526315789",,,,,
17,Ведение переговоров,8,,"р.173 500,00","р.16 000,00","1,676328502","1,454545455",,,,,
18,Эмпатия,8,,"р.338 000,00","р.24 000,00","1,742268041","1,548387097",,,,,
19,Управление конфликтами,8,,"р.568 500,00","р.62 000,00","1,516","1,771428571",,,,,
20,Публичные выступления,8,,"р.1 264 500,00","р.104 000,00","1,783497884","1,664",,,,,
21,Лидерство,8,,"р.35 500,00","р.6 000,00","1,651162791","1,666666667",,,,,
22,Управление проектами,8,,"р.55 500,00","р.8 500,00","1,541666667","1,888888889",,,,,
23,Планирование,8,,"р.321 000,00","р.19 000,00","1,793296089","1,52",,,,,
24,Мотивация команды,8,,"р.442 500,00","р.57 500,00","1,43902439","1,597222222",,,,,
1,Спорт,9,,"р.19 500,00","р.3 600,00","1,56","1,44",,,,,
2,Питание ,9,,"р.56 500,00","р.5 500,00","1,486842105","1,666666667",,,,,
3,Сон,9,,"р.194 000,00","р.23 000,00","1,637130802","1,483870968",,,,,
4,Мозг,9,,"р.505 500,00","р.101 500,00","1,527190332","1,471014493",,,,,
5,Дисциплина,9,,"р.54 000,00","р.13 000,00","1,6875","1,625",,,,,
6,Инициативность,9,,"р.87 000,00","р.13 500,00","1,689320388","1,8",,,,,
7,Стрессоустойчивость,9,,"р.149 500,00","р.23 000,00","1,779761905","1,769230769",,,,,
8,Креативность,9,,"р.410 000,00","р.47 500,00","1,426086957","1,696428571",,,,,
9,Этика,9,,"р.185 000,00","р.24 000,00","1,601731602","1,714285714",,,,,
10,Самоуверенность,9,,"р.1 681 000,00","р.84 500,00","1,686904165","1,456896552",,,,,
11,Эмоциональный интеллект,9,,"р.4 598 000,00","р.217 000,00","1,698559291","1,764227642",,,,,
12,Критическое мышление,9,,"р.17 556 000,00","р.886 000,00","1,500961826","1,673276676",,,,,
13,Внимание,9,,"р.31 870 000,00","р.894 500,00","1,722283769","1,547577855",,,,,
14,Память,9,,"р.41 081 000,00","р.1 538 000,00","1,473969359","1,569387755",,,,,
15,Логика,9,,"р.44 000,00","р.11 000,00","1,660377358","1,571428571",,,,,
16,Умение убеждать,9,,"р.107 000,00","р.21 500,00","1,621212121","1,482758621",,,,,
17,Ведение переговоров,9,,"р.294 500,00","р.27 000,00","1,69740634","1,6875",,,,,
18,Эмпатия,9,,"р.557 500,00","р.35 000,00","1,649408284","1,458333333",,,,,
19,Управление конфликтами,9,,"р.962 000,00","р.102 500,00","1,692172383","1,653225806",,,,,
20,Публичные выступления,9,,"р.2 030 500,00","р.174 000,00","1,605773033","1,673076923",,,,,
21,Лидерство,9,,"р.60 000,00","р.9 000,00","1,690140845","1,5",,,,,
22,Управление проектами,9,,"р.80 000,00","р.14 500,00","1,441441441","1,705882353",,,,,
23,Планирование,9,,"р.563 500,00","р.29 500,00","1,755451713","1,552631579",,,,,
24,Мотивация команды,9,,"р.626 500,00","р.98 000,00","1,415819209","1,704347826",,,,,
1,Спорт,10,,"р.28 000,00","р.6 000,00","1,435897436","1,666666667",,,,,
2,Питание ,10,,"р.83 500,00","р.8 000,00","1,477876106","1,454545455",,,,,
3,Сон,10,,"р.290 000,00","р.41 500,00","1,494845361","1,804347826",,,,,
4,Мозг,10,,"р.794 500,00","р.142 500,00","1,571711177","1,403940887",,,,,
5,Дисциплина,10,,"р.81 000,00","р.19 500,00","1,5","1,5",,,,,
6,Инициативность,10,,"р.145 500,00","р.24 000,00","1,672413793","1,777777778",,,,,
7,Стрессоустойчивость,10,,"р.248 500,00","р.35 000,00","1,662207358","1,52173913",,,,,
8,Креативность,10,,"р.581 000,00","р.75 500,00","1,417073171","1,589473684",,,,,
9,Этика,10,,"р.284 500,00","р.38 000,00","1,537837838","1,583333333",,,,,
10,Самоуверенность,10,,"р.2 612 000,00","р.128 500,00","1,553837002","1,520710059",,,,,
11,Эмоциональный интеллект,10,,"р.6 935 000,00","р.375 000,00","1,508264463","1,728110599",,,,,
12,Критическое мышление,10,,"р.31 331 000,00","р.1 376 500,00","1,784632035","1,553611738",,,,,
13,Внимание,10,,"р.47 001 500,00","р.1 541 500,00","1,474788202","1,723309111",,,,,
14,Память,10,,"р.73 816 500,00","р.2 235 500,00","1,79685256","1,453511053",,,,,
15,Логика,10,,"р.69 000,00","р.20 000,00","1,568181818","1,818181818",,,,,
16,Умение убеждать,10,,"р.171 500,00","р.32 500,00","1,602803738","1,511627907",,,,,
17,Ведение переговоров,10,,"р.439 000,00","р.40 000,00","1,490662139","1,481481481",,,,,
18,Эмпатия,10,,"р.837 000,00","р.52 000,00","1,501345291","1,485714286",,,,,
19,Управление конфликтами,10,,"р.1 493 000,00","р.170 000,00","1,551975052","1,658536585",,,,,
20,Публичные выступления,10,,"р.3 136 500,00","р.276 500,00","1,544693425","1,58908046",,,,,
21,Лидерство,10,,"р.99 500,00","р.14 500,00","1,658333333","1,611111111",,,,,
22,Управление проектами,10,,"р.118 500,00","р.25 500,00","1,48125","1,75862069",,,,,
23,Планирование,10,,"р.920 500,00","р.46 000,00","1,633540373","1,559322034",,,,,
24,Мотивация команды,10,,"р.979 500,00","р.161 000,00","1,563447725","1,642857143",,,,,
1,Спорт,11,,"р.49 000,00","р.9 500,00","1,75","1,583333333",,,,,
2,Питание ,11,,"р.123 000,00","р.13 000,00","1,473053892","1,625",,,,,
3,Сон,11,,"р.499 500,00","р.72 500,00","1,722413793","1,746987952",,,,,
4,Мозг,11,,"р.1 334 500,00","р.226 500,00","1,67967275","1,589473684",,,,,
5,Дисциплина,11,,"р.122 000,00","р.29 000,00","1,50617284","1,487179487",,,,,
6,Инициативность,11,,"р.245 500,00","р.37 500,00","1,687285223","1,5625",,,,,
7,Стрессоустойчивость,11,,"р.367 500,00","р.55 000,00","1,478873239","1,571428571",,,,,
8,Креативность,11,,"р.995 000,00","р.132 500,00","1,712564544","1,754966887",,,,,
9,Этика,11,,"р.424 000,00","р.67 500,00","1,490333919","1,776315789",,,,,
10,Самоуверенность,11,,"р.3 786 500,00","р.194 500,00","1,449655436","1,513618677",,,,,
11,Эмоциональный интеллект,11,,"р.11 060 000,00","р.582 000,00","1,59480894","1,552",,,,,
12,Критическое мышление,11,,"р.47 303 500,00","р.2 095 500,00","1,509798602","1,522339266",,,,,
13,Внимание,11,,"р.66 627 500,00","р.2 411 000,00","1,417561142","1,56406098",,,,,
14,Память,11,,"р.130 318 500,00","р.3 717 500,00","1,765438621","1,66293894",,,,,
15,Логика,11,,"р.119 000,00","р.30 500,00","1,724637681","1,525",,,,,
16,Умение убеждать,11,,"р.287 500,00","р.46 000,00","1,67638484","1,415384615",,,,,
17,Ведение переговоров,11,,"р.766 500,00","р.64 000,00","1,746013667","1,6",,,,,
18,Эмпатия,11,,"р.1 474 000,00","р.83 500,00","1,761051374","1,605769231",,,,,
19,Управление конфликтами,11,,"р.2 592 000,00","р.271 500,00","1,736101808","1,597058824",,,,,
20,Публичные выступления,11,,"р.5 484 500,00","р.411 000,00","1,748605133","1,486437613",,,,,
21,Лидерство,11,,"р.141 500,00","р.21 500,00","1,422110553","1,482758621",,,,,
22,Управление проектами,11,,"р.180 500,00","р.46 000,00","1,523206751","1,803921569",,,,,
23,Планирование,11,,"р.1 400 000,00","р.76 000,00","1,520912548","1,652173913",,,,,
24,Мотивация команды,11,,"р.1 436 000,00","р.287 000,00","1,466054109","1,782608696",,,,,
1,Спорт,12,,"р.79 500,00","р.15 500,00","1,62244898","1,631578947",,,,,
2,Питание ,12,,"р.198 000,00","р.21 000,00","1,609756098","1,615384615",,,,,
3,Сон,12,,"р.868 000,00","р.110 500,00","1,737737738","1,524137931",,,,,
4,Мозг,12,,"р.1 947 000,00","р.402 500,00","1,458973398","1,777041943",,,,,
5,Дисциплина,12,,"р.179 500,00","р.43 500,00","1,471311475","1,5",,,,,
6,Инициативность,12,,"р.389 000,00","р.58 500,00","1,584521385","1,56",,,,,
7,Стрессоустойчивость,12,,"р.569 000,00","р.81 500,00","1,54829932","1,481818182",,,,,
8,Креативность,12,,"р.1 758 000,00","р.220 500,00","1,766834171","1,664150943",,,,,
9,Этика,12,,"р.696 000,00","р.113 500,00","1,641509434","1,681481481",,,,,
10,Самоуверенность,12,,"р.6 755 000,00","р.312 500,00","1,783969365","1,606683805",,,,,
11,Эмоциональный интеллект,12,,"р.15 550 500,00","р.1 022 000,00","1,406012658","1,756013746",,,,,
12,Критическое мышление,12,,"р.79 499 500,00","р.3 331 500,00","1,680626169","1,589835361",,,,,
13,Внимание,12,,"р.116 328 500,00","р.4 011 500,00","1,745953248","1,663832435",,,,,
14,Память,12,,"р.223 449 000,00","р.5 342 500,00","1,714637599","1,437121722",,,,,
15,Логика,12,,"р.189 000,00","р.52 000,00","1,588235294","1,704918033",,,,,
16,Умение убеждать,12,,"р.434 000,00","р.65 500,00","1,509565217","1,423913043",,,,,
17,Ведение переговоров,12,,"р.1 353 500,00","р.111 000,00","1,765818656","1,734375",,,,,
18,Эмпатия,12,,"р.2 267 000,00","р.126 500,00","1,537991859","1,51497006",,,,,
19,Управление конфликтами,12,,"р.3 932 000,00","р.430 000,00","1,516975309","1,583793738",,,,,
20,Публичные выступления,12,,"р.7 875 500,00","р.708 500,00","1,435955876","1,723844282",,,,,
21,Лидерство,12,,"р.237 000,00","р.37 000,00","1,674911661","1,720930233",,,,,
22,Управление проектами,12,,"р.294 000,00","р.77 000,00","1,628808864","1,673913043",,,,,
23,Планирование,12,,"р.2 110 500,00","р.119 000,00","1,5075","1,565789474",,,,,
24,Мотивация команды,12,,"р.2 315 500,00","р.447 000,00","1,612465181","1,557491289",,,,,
1,Спорт,13,,"р.113 500,00","р.26 000,00","1,427672956","1,677419355",,,,,
2,Питание ,13,,"р.332 500,00","р.30 000,00","1,679292929","1,428571429",,,,,
3,Сон,13,,"р.1 443 500,00","р.184 000,00","1,663018433","1,665158371",,,,,
4,Мозг,13,,"р.3 292 500,00","р.584 000,00","1,691063174","1,450931677",,,,,
5,Дисциплина,13,,"р.295 500,00","р.67 000,00","1,646239554","1,540229885",,,,,
6,Инициативность,13,,"р.689 000,00","р.86 500,00","1,771208226","1,478632479",,,,,
7,Стрессоустойчивость,13,,"р.983 500,00","р.120 500,00","1,728471002","1,478527607",,,,,
8,Креативность,13,,"р.2 797 500,00","р.320 000,00","1,591296928","1,451247166",,,,,
9,Этика,13,,"р.1 193 500,00","р.176 500,00","1,714798851","1,555066079",,,,,
10,Самоуверенность,13,,"р.11 349 500,00","р.447 500,00","1,680162842","1,432",,,,,
11,Эмоциональный интеллект,13,,"р.23 986 000,00","р.1 445 000,00","1,542458442","1,413894325",,,,,
12,Критическое мышление,13,,"р.131 314 500,00","р.5 235 000,00","1,651765105","1,57136425",,,,,
13,Внимание,13,,"р.178 187 500,00","р.7 096 000,00","1,531761348","1,768914371",,,,,
14,Память,13,,"р.397 279 500,00","р.8 813 500,00","1,777942618","1,649695835",,,,,
15,Логика,13,,"р.296 500,00","р.91 000,00","1,568783069","1,75",,,,,
16,Умение убеждать,13,,"р.618 500,00","р.116 500,00","1,425115207","1,778625954",,,,,
17,Ведение переговоров,13,,"р.2 362 500,00","р.198 500,00","1,745474695","1,788288288",,,,,
18,Эмпатия,13,,"р.3 290 500,00","р.190 500,00","1,451477724","1,505928854",,,,,
19,Управление конфликтами,13,,"р.6 202 500,00","р.773 000,00","1,577441506","1,797674419",,,,,
20,Публичные выступления,13,,"р.11 360 500,00","р.1 163 000,00","1,442511587","1,641496119",,,,,
21,Лидерство,13,,"р.362 000,00","р.54 500,00","1,52742616","1,472972973",,,,,
22,Управление проектами,13,,"р.528 500,00","р.109 500,00","1,797619048","1,422077922",,,,,
23,Планирование,13,,"р.3 315 500,00","р.182 500,00","1,57095475","1,533613445",,,,,
24,Мотивация команды,13,,"р.3 498 000,00","р.731 000,00","1,510688836","1,635346756",,,,,
1,Спорт,14,,"р.202 500,00","р.46 000,00","1,784140969","1,769230769",,,,,
2,Питание ,14,,"р.545 500,00","р.45 000,00","1,640601504","1,5",,,,,
3,Сон,14,,"р.2 176 000,00","р.314 000,00","1,507447177","1,706521739",,,,,
4,Мозг,14,,"р.4 988 500,00","р.866 000,00","1,515110099","1,482876712",,,,,
5,Дисциплина,14,,"р.437 500,00","р.120 500,00","1,480541455","1,798507463",,,,,
6,Инициативность,14,,"р.1 056 500,00","р.144 000,00","1,533381713","1,664739884",,,,,
7,Стрессоустойчивость,14,,"р.1 546 000,00","р.206 000,00","1,57193696","1,709543568",,,,,
8,Креативность,14,,"р.4 079 500,00","р.561 000,00","1,458266309","1,753125",,,,,
9,Этика,14,,"р.1 811 000,00","р.302 500,00","1,51738584","1,71388102",,,,,
10,Самоуверенность,14,,"р.20 352 500,00","р.725 000,00","1,793250804","1,620111732",,,,,
11,Эмоциональный интеллект,14,,"р.36 759 000,00","р.2 315 000,00","1,532518969","1,602076125",,,,,
12,Критическое мышление,14,,"р.193 499 000,00","р.7 758 500,00","1,473553949","1,482043935",,,,,
13,Внимание,14,,"р.300 220 500,00","р.10 273 000,00","1,684857243","1,447717024",,,,,
14,Память,14,,"р.581 909 000,00","р.13 740 000,00","1,464734526","1,558972032",,,,,
15,Логика,14,,"р.526 500,00","р.136 000,00","1,775716695","1,494505495",,,,,
16,Умение убеждать,14,,"р.1 056 000,00","р.183 000,00","1,707356508","1,570815451",,,,,
17,Ведение переговоров,14,,"р.3 758 000,00","р.314 500,00","1,590687831","1,584382872",,,,,
18,Эмпатия,14,,"р.5 729 000,00","р.276 000,00","1,741072785","1,448818898",,,,,
19,Управление конфликтами,14,,"р.8 720 000,00","р.1 106 000,00","1,405884724","1,430789133",,,,,
20,Публичные выступления,14,,"р.19 419 000,00","р.2 003 000,00","1,709343779","1,722269991",,,,,
21,Лидерство,14,,"р.548 000,00","р.87 500,00","1,513812155","1,605504587",,,,,
22,Управление проектами,14,,"р.747 000,00","р.185 500,00","1,413434248","1,694063927",,,,,
23,Планирование,14,,"р.5 093 000,00","р.317 000,00","1,536118233","1,736986301",,,,,
24,Мотивация команды,14,,"р.4 993 500,00","р.1 298 500,00","1,427530017","1,776333789",,,,,
1,Спорт,15,,"р.357 500,00","р.75 500,00","1,765432099","1,641304348",,,,,
2,Питание ,15,,"р.817 500,00","р.73 500,00","1,498625115","1,633333333",,,,,
3,Сон,15,,"р.3 400 000,00","р.503 500,00","1,5625","1,603503185",,,,,
4,Мозг,15,,"р.8 442 500,00","р.1 551 500,00","1,692392503","1,791570439",,,,,
5,Дисциплина,15,,"р.736 500,00","р.199 000,00","1,683428571","1,651452282",,,,,
6,Инициативность,15,,"р.1 663 500,00","р.250 000,00","1,574538571","1,736111111",,,,,
7,Стрессоустойчивость,15,,"р.2 725 500,00","р.363 000,00","1,762936611","1,762135922",,,,,
8,Креативность,15,,"р.5 867 500,00","р.790 500,00","1,438289006","1,409090909",,,,,
9,Этика,15,,"р.2 971 000,00","р.494 500,00","1,640530094","1,634710744",,,,,
10,Самоуверенность,15,,"р.30 425 000,00","р.1 091 000,00","1,494902346","1,504827586",,,,,
11,Эмоциональный интеллект,15,,"р.56 738 500,00","р.3 992 500,00","1,543526755","1,72462203",,,,,
12,Критическое мышление,15,,"р.271 610 500,00","р.12 012 000,00","1,403679089","1,548237417",,,,,
13,Внимание,15,,"р.431 740 500,00","р.15 398 500,00","1,438078013","1,498929232",,,,,
14,Память,15,,"р.917 884 500,00","р.23 834 500,00","1,577367767","1,734679767",,,,,
15,Логика,15,,"р.857 500,00","р.196 000,00","1,628679962","1,441176471",,,,,
16,Умение убеждать,15,,"р.1 540 000,00","р.273 000,00","1,458333333","1,491803279",,,,,
17,Ведение переговоров,15,,"р.5 290 000,00","р.462 500,00","1,407663651","1,470588235",,,,,
18,Эмпатия,15,,"р.8 390 500,00","р.487 500,00","1,464566242","1,766304348",,,,,
19,Управление конфликтами,15,,"р.15 665 000,00","р.1 597 000,00","1,796444954","1,443942134",,,,,
20,Публичные выступления,15,,"р.34 769 000,00","р.3 599 000,00","1,790462949","1,796804793",,,,,
21,Лидерство,15,,"р.791 500,00","р.153 000,00","1,444343066","1,748571429",,,,,
22,Управление проектами,15,,"р.1 185 500,00","р.301 000,00","1,587014726","1,622641509",,,,,
23,Планирование,15,,"р.8 864 500,00","р.479 000,00","1,740526212","1,511041009",,,,,
24,Мотивация команды,15,,"р.8 647 000,00","р.2 026 000,00","1,731651146","1,560261841",,,,,
1,Спорт,16,,"р.642 500,00","р.109 500,00","1,797202797","1,450331126",,,,,
2,Питание ,16,,"р.1 351 000,00","р.111 500,00","1,652599388","1,517006803",,,,,
3,Сон,16,,"р.5 619 500,00","р.773 000,00","1,652794118","1,535253227",,,,,
4,Мозг,16,,"р.15 029 000,00","р.2 445 000,00","1,780159905","1,575894296",,,,,
5,Дисциплина,16,,"р.1 094 000,00","р.291 000,00","1,485403938","1,462311558",,,,,
6,Инициативность,16,,"р.2 889 000,00","р.358 000,00","1,736699729","1,432",,,,,
7,Стрессоустойчивость,16,,"р.3 932 000,00","р.547 500,00","1,44267107","1,508264463",,,,,
8,Креативность,16,,"р.10 493 000,00","р.1 372 000,00","1,788325522","1,735610373",,,,,
9,Этика,16,,"р.4 688 500,00","р.704 000,00","1,578088186","1,423660263",,,,,
10,Самоуверенность,16,,"р.53 638 500,00","р.1 765 500,00","1,762974528","1,618240147",,,,,
11,Эмоциональный интеллект,16,,"р.90 824 000,00","р.6 631 500,00","1,600747288","1,660989355",,,,,
12,Критическое мышление,16,,"р.467 110 500,00","р.21 117 000,00","1,719780715","1,757992008",,,,,
13,Внимание,16,,"р.706 708 000,00","р.23 936 000,00","1,636881414","1,55443712",,,,,
14,Память,16,,"р.1 493 167 000,00","р.33 665 500,00","1,626748246","1,41246932",,,,,
15,Логика,16,,"р.1 362 000,00","р.290 500,00","1,588338192","1,482142857",,,,,
16,Умение убеждать,16,,"р.2 418 500,00","р.475 000,00","1,570454545","1,73992674",,,,,
17,Ведение переговоров,16,,"р.9 211 500,00","р.688 500,00","1,741304348","1,488648649",,,,,
18,Эмпатия,16,,"р.14 014 000,00","р.865 500,00","1,670222275","1,775384615",,,,,
19,Управление конфликтами,16,,"р.27 340 500,00","р.2 870 000,00","1,745323971","1,797119599",,,,,
20,Публичные выступления,16,,"р.59 187 500,00","р.5 930 500,00","1,702306652","1,647818839",,,,,
21,Лидерство,16,,"р.1 137 500,00","р.253 500,00","1,437144662","1,656862745",,,,,
22,Управление проектами,16,,"р.1 942 500,00","р.437 000,00","1,638549135","1,451827243",,,,,
23,Планирование,16,,"р.15 224 500,00","р.692 000,00","1,717468554","1,444676409",,,,,
24,Мотивация команды,16,,"р.14 855 000,00","р.3 617 000,00","1,717936857","1,785291214",,,,,
1,Спорт,17,,"р.1 094 000,00","р.193 500,00","1,702723735","1,767123288",,,,,
2,Питание ,17,,"р.1 953 000,00","р.161 500,00","1,445595855","1,448430493",,,,,
3,Сон,17,,"р.8 694 000,00","р.1 286 000,00","1,547112732","1,663648124",,,,,
4,Мозг,17,,"р.23 790 000,00","р.4 149 000,00","1,58293965","1,696932515",,,,,
5,Дисциплина,17,,"р.1 575 000,00","р.503 500,00","1,439670932","1,73024055",,,,,
6,Инициативность,17,,"р.4 137 000,00","р.576 500,00","1,431983385","1,610335196",,,,,
7,Стрессоустойчивость,17,,"р.6 205 000,00","р.959 000,00","1,578077314","1,751598174",,,,,
8,Креативность,17,,"р.17 993 000,00","р.2 206 500,00","1,714762222","1,608236152",,,,,
9,Этика,17,,"р.7 564 500,00","р.1 235 000,00","1,613415805","1,754261364",,,,,
10,Самоуверенность,17,,"р.81 556 500,00","р.3 061 500,00","1,520484354","1,734069669",,,,,
11,Эмоциональный интеллект,17,,"р.145 979 000,00","р.10 454 000,00","1,607273408","1,576415592",,,,,
12,Критическое мышление,17,,"р.704 801 500,00","р.33 518 500,00","1,508853901","1,587275655",,,,,
13,Внимание,17,,"р.1 200 495 000,00","р.39 016 000,00","1,69871432","1,630013369",,,,,
14,Память,17,,"р.2 453 387 500,00","р.54 159 500,00","1,643076427","1,608753769",,,,,
15,Логика,17,,"р.2 012 000,00","р.429 000,00","1,477239354","1,4767642",,,,,
16,Умение убеждать,17,,"р.4 163 500,00","р.721 500,00","1,721521604","1,518947368",,,,,
17,Ведение переговоров,17,,"р.14 620 000,00","р.1 211 500,00","1,587146502","1,759622367",,,,,
18,Эмпатия,17,,"р.24 305 000,00","р.1 436 000,00","1,734337091","1,659156557",,,,,
19,Управление конфликтами,17,,"р.40 033 000,00","р.4 610 500,00","1,464238035","1,606445993",,,,,
20,Публичные выступления,17,,"р.90 180 500,00","р.9 874 000,00","1,523640971","1,664952365",,,,,
21,Лидерство,17,,"р.1 749 000,00","р.451 500,00","1,537582418","1,781065089",,,,,
22,Управление проектами,17,,"р.3 181 000,00","р.685 500,00","1,637580438","1,568649886",,,,,
23,Планирование,17,,"р.23 012 500,00","р.978 000,00","1,511543893","1,413294798",,,,,
24,Мотивация команды,17,,"р.25 954 000,00","р.5 296 500,00","1,74715584","1,464335084",,,,,
1,Спорт,18,,"р.1 767 500,00","р.316 500,00","1,615630713","1,635658915",,,,,
2,Питание ,18,,"р.2 894 500,00","р.264 500,00","1,482078853","1,637770898",,,,,
3,Сон,18,,"р.14 532 500,00","р.2 141 500,00","1,671555095","1,665241058",,,,,
4,Мозг,18,,"р.38 620 500,00","р.6 560 500,00","1,623392182","1,581224391",,,,,
5,Дисциплина,18,,"р.2 312 000,00","р.793 000,00","1,467936508","1,574975174",,,,,
6,Инициативность,18,,"р.7 370 500,00","р.970 000,00","1,781605028","1,682567216",,,,,
7,Стрессоустойчивость,18,,"р.10 491 000,00","р.1 515 000,00","1,69073328","1,579770594",,,,,
8,Креативность,18,,"р.28 938 000,00","р.3 305 000,00","1,608292114","1,497847269",,,,,
9,Этика,18,,"р.12 690 000,00","р.1 890 000,00","1,677572873","1,530364372",,,,,
10,Самоуверенность,18,,"р.115 729 000,00","р.4 926 000,00","1,419004003","1,609015189",,,,,
11,Эмоциональный интеллект,18,,"р.210 927 500,00","р.17 292 500,00","1,444916735","1,654151521",,,,,
12,Критическое мышление,18,,"р.1 178 295 000,00","р.55 620 000,00","1,671811141","1,659382132",,,,,
13,Внимание,18,,"р.2 095 650 000,00","р.55 936 500,00","1,745654917","1,433681054",,,,,
14,Память,18,,"р.4 212 219 500,00","р.80 070 000,00","1,716899389","1,47841099",,,,,
15,Логика,18,,"р.3 130 000,00","р.628 000,00","1,555666004","1,463869464",,,,,
16,Умение убеждать,18,,"р.7 340 000,00","р.1 168 000,00","1,762939834","1,618849619",,,,,
17,Ведение переговоров,18,,"р.23 416 500,00","р.1 832 000,00","1,601675787","1,51217499",,,,,
18,Эмпатия,18,,"р.35 232 500,00","р.2 201 000,00","1,449598848","1,532729805",,,,,
19,Управление конфликтами,18,,"р.58 124 000,00","р.7 110 000,00","1,451902181","1,54213209",,,,,
20,Публичные выступления,18,,"р.144 124 500,00","р.14 744 000,00","1,598178098","1,493214503",,,,,
21,Лидерство,18,,"р.3 066 500,00","р.635 500,00","1,753287593","1,407530454",,,,,
22,Управление проектами,18,,"р.4 932 000,00","р.1 176 000,00","1,550455831","1,715536105",,,,,
23,Планирование,18,,"р.38 517 500,00","р.1 750 000,00","1,673764259","1,789366053",,,,,
24,Мотивация команды,18,,"р.41 504 500,00","р.7 607 500,00","1,599156199","1,436325876",,,,,
1,Спорт,19,,"р.2 576 500,00","р.465 000,00","1,457708628","1,469194313",,,,,
2,Питание ,19,,"р.5 071 000,00","р.396 500,00","1,751943341","1,49905482",,,,,
3,Сон,19,,"р.24 822 500,00","р.3 807 000,00","1,708068123","1,777725893",,,,,
4,Мозг,19,,"р.60 026 500,00","р.10 295 500,00","1,554265222","1,569316363",,,,,
5,Дисциплина,19,,"р.3 996 000,00","р.1 336 000,00","1,728373702","1,684741488",,,,,
6,Инициативность,19,,"р.12 520 000,00","р.1 725 500,00","1,698663591","1,778865979",,,,,
7,Стрессоустойчивость,19,,"р.15 810 500,00","р.2 324 500,00","1,507053665","1,534323432",,,,,
8,Креативность,19,,"р.47 830 000,00","р.5 732 500,00","1,652844011","1,734493192",,,,,
9,Этика,19,,"р.17 956 000,00","р.2 687 500,00","1,414972419","1,421957672",,,,,
10,Самоуверенность,19,,"р.163 146 500,00","р.8 731 000,00","1,409728763","1,772431994",,,,,
11,Эмоциональный интеллект,19,,"р.337 275 500,00","р.30 056 500,00","1,599011509","1,738123464",,,,,
12,Критическое мышление,19,,"р.1 969 229 000,00","р.83 173 500,00","1,671252954","1,49538835",,,,,
13,Внимание,19,,"р.3 279 764 500,00","р.98 824 500,00","1,565034476","1,766726556",,,,,
14,Память,19,,"р.7 306 407 500,00","р.139 400 500,00","1,734574255","1,74098289",,,,,
15,Логика,19,,"р.5 507 000,00","р.914 500,00","1,75942492","1,456210191",,,,,
16,Умение убеждать,19,,"р.11 031 500,00","р.1 725 000,00","1,502929155","1,476883562",,,,,
17,Ведение переговоров,19,,"р.40 908 500,00","р.3 028 000,00","1,746994641","1,652838428",,,,,
18,Эмпатия,19,,"р.57 182 500,00","р.3 456 500,00","1,623004328","1,570422535",,,,,
19,Управление конфликтами,19,,"р.85 130 000,00","р.10 451 000,00","1,464627348","1,469901547",,,,,
20,Публичные выступления,19,,"р.247 534 500,00","р.22 657 000,00","1,717504657","1,536692892",,,,,
21,Лидерство,19,,"р.4 762 500,00","р.983 000,00","1,553073537","1,546813533",,,,,
22,Управление проектами,19,,"р.8 641 500,00","р.2 085 000,00","1,752128954","1,772959184",,,,,
23,Планирование,19,,"р.57 846 000,00","р.2 981 000,00","1,501810865","1,703428571",,,,,
24,Мотивация команды,19,,"р.67 104 000,00","р.13 651 500,00","1,616788541","1,794479132",,,,,
1,Спорт,20,,"р.4 454 000,00","р.690 000,00","1,728701727","1,483870968",,,,,
2,Питание ,20,,"р.8 965 000,00","р.597 500,00","1,767895879","1,506935687",,,,,
3,Сон,20,,"р.43 764 000,00","р.6 539 000,00","1,763077853","1,717625427",,,,,
4,Мозг,20,,"р.85 784 500,00","р.17 146 500,00","1,429110476","1,665436356",,,,,
5,Дисциплина,20,,"р.7 099 500,00","р.2 062 500,00","1,776651652","1,543787425",,,,,
6,Инициативность,20,,"р.20 702 000,00","р.2 793 000,00","1,653514377","1,618661258",,,,,
7,Стрессоустойчивость,20,,"р.24 068 500,00","р.4 095 000,00","1,522311122","1,761669176",,,,,
8,Креативность,20,,"р.85 111 000,00","р.10 100 000,00","1,779448045","1,761883995",,,,,
9,Этика,20,,"р.30 395 500,00","р.4 595 500,00","1,692776788","1,709953488",,,,,
10,Самоуверенность,20,,"р.292 349 500,00","р.14 505 500,00","1,791944663","1,661378994",,,,,
11,Эмоциональный интеллект,20,,"р.518 954 500,00","р.42 739 000,00","1,538666461","1,421955317",,,,,
12,Критическое мышление,20,,"р.2 804 973 500,00","р.125 593 000,00","1,424401885","1,510012203",,,,,
13,Внимание,20,,"р.5 522 696 500,00","р.169 674 000,00","1,683869833","1,716922423",,,,,
14,Память,20,,"р.12 550 671 500,00","р.201 901 500,00","1,71776232","1,448355637",,,,,
15,Логика,20,,"р.8 775 000,00","р.1 326 500,00","1,593426548","1,45051941",,,,,
16,Умение убеждать,20,,"р.17 142 500,00","р.2 711 000,00","1,553959117","1,571594203",,,,,
17,Ведение переговоров,20,,"р.60 445 000,00","р.4 632 500,00","1,477565787","1,529887715",,,,,
18,Эмпатия,20,,"р.94 860 500,00","р.5 425 500,00","1,658907883","1,569651381",,,,,
19,Управление конфликтами,20,,"р.150 460 000,00","р.15 184 500,00","1,767414542","1,452923165",,,,,
20,Публичные выступления,20,,"р.397 269 000,00","р.34 299 500,00","1,604903559","1,513858852",,,,,
21,Лидерство,20,,"р.7 226 500,00","р.1 462 000,00","1,517375328","1,487283825",,,,,
22,Управление проектами,20,,"р.14 796 000,00","р.3 509 500,00","1,712202743","1,683213429",,,,,
23,Планирование,20,,"р.84 507 500,00","р.5 038 500,00","1,460904816","1,690204629",,,,,
24,Мотивация команды,20,,"р.105 289 500,00","р.19 858 500,00","1,569049535","1,45467531",,,,,
1,Спорт,21,,"р.7 348 500,00","р.1 032 500,00","1,64986529","1,496376812",,,,,
2,Питание ,21,,"р.14 622 500,00","р.986 000,00","1,631065254","1,650209205",,,,,
3,Сон,21,,"р.75 798 000,00","р.10 083 000,00","1,731971483","1,541978896",,,,,
4,Мозг,21,,"р.128 892 500,00","р.28 425 500,00","1,502515023","1,657801884",,,,,
5,Дисциплина,21,,"р.12 229 000,00","р.3 291 500,00","1,72251567","1,595878788",,,,,
6,Инициативность,21,,"р.34 180 500,00","р.4 734 500,00","1,65107236","1,695130684",,,,,
7,Стрессоустойчивость,21,,"р.36 456 500,00","р.6 694 500,00","1,514697634","1,634798535",,,,,
8,Креативность,21,,"р.124 918 500,00","р.15 253 500,00","1,467712752","1,510247525",,,,,
9,Этика,21,,"р.51 417 500,00","р.6 657 500,00","1,691615535","1,448699815",,,,,
10,Самоуверенность,21,,"р.463 892 000,00","р.24 709 500,00","1,586771997","1,703457309",,,,,
11,Эмоциональный интеллект,21,,"р.812 522 000,00","р.70 071 000,00","1,565690248","1,639509581",,,,,
12,Критическое мышление,21,,"р.4 193 970 000,00","р.201 030 500,00","1,495190596","1,600650514",,,,,
13,Внимание,21,,"р.7 885 864 500,00","р.304 444 500,00","1,427901117","1,794290817",,,,,
14,Память,21,,"р.19 075 539 000,00","р.353 379 500,00","1,519881944","1,750256932",,,,,
15,Логика,21,,"р.13 178 000,00","р.2 124 000,00","1,501766382","1,601206182",,,,,
16,Умение убеждать,21,,"р.30 552 500,00","р.4 338 500,00","1,782266297","1,600331981",,,,,
17,Ведение переговоров,21,,"р.94 709 000,00","р.7 089 000,00","1,566862437","1,530275229",,,,,
18,Эмпатия,21,,"р.155 591 000,00","р.9 681 500,00","1,640208517","1,78444383",,,,,
19,Управление конфликтами,21,,"р.252 630 500,00","р.21 327 000,00","1,679054234","1,40452435",,,,,
20,Публичные выступления,21,,"р.590 529 000,00","р.57 207 000,00","1,486471383","1,667866879",,,,,
21,Лидерство,21,,"р.12 920 000,00","р.2 203 000,00","1,787864111","1,506839945",,,,,
22,Управление проектами,21,,"р.23 103 500,00","р.6 241 500,00","1,561469316","1,77845847",,,,,
23,Планирование,21,,"р.125 846 500,00","р.8 544 500,00","1,489175517","1,695842016",,,,,
24,Мотивация команды,21,,"р.169 139 500,00","р.30 440 500,00","1,606423243","1,532870056",,,,,
1,Спорт,22,,"р.10 901 000,00","р.1 686 000,00","1,483431993","1,632929782",,,,,
2,Питание ,22,,"р.21 621 000,00","р.1 592 500,00","1,478611729","1,615111562",,,,,
3,Сон,22,,"р.121 207 000,00","р.14 193 500,00","1,599079131","1,407666369",,,,,
4,Мозг,22,,"р.230 810 500,00","р.45 283 000,00","1,79072095","1,593041459",,,,,
5,Дисциплина,22,,"р.18 045 000,00","р.4 899 000,00","1,475590809","1,488379158",,,,,
6,Инициативность,22,,"р.59 761 000,00","р.7 520 500,00","1,748394552","1,58844651",,,,,
7,Стрессоустойчивость,22,,"р.57 485 000,00","р.9 733 000,00","1,57681072","1,453880051",,,,,
8,Креативность,22,,"р.219 224 000,00","р.25 859 000,00","1,754936218","1,69528305",,,,,
9,Этика,22,,"р.90 111 500,00","р.11 729 000,00","1,75254534","1,761772437",,,,,
10,Самоуверенность,22,,"р.827 588 500,00","р.40 911 000,00","1,784011149","1,65567899",,,,,
11,Эмоциональный интеллект,22,,"р.1 278 661 500,00","р.102 367 000,00","1,57369462","1,46090394",,,,,
12,Критическое мышление,22,,"р.6 955 215 000,00","р.295 802 500,00","1,658384538","1,471430952",,,,,
13,Внимание,22,,"р.12 628 789 500,00","р.461 078 000,00","1,601446424","1,514489505",,,,,
14,Память,22,,"р.29 319 445 000,00","р.508 820 000,00","1,537017905","1,43986847",,,,,
15,Логика,22,,"р.20 773 500,00","р.3 555 500,00","1,576377295","1,673964218",,,,,
16,Умение убеждать,22,,"р.51 357 000,00","р.7 222 500,00","1,68094264","1,66474588",,,,,
17,Ведение переговоров,22,,"р.140 435 500,00","р.10 513 500,00","1,482810504","1,483072366",,,,,
18,Эмпатия,22,,"р.254 225 500,00","р.14 713 000,00","1,633934482","1,519702525",,,,,
19,Управление конфликтами,22,,"р.403 550 500,00","р.36 870 000,00","1,597394218","1,728794486",,,,,
20,Публичные выступления,22,,"р.887 777 500,00","р.88 509 000,00","1,5033597","1,547170801",,,,,
21,Лидерство,22,,"р.21 887 000,00","р.3 370 500,00","1,694040248","1,529959147",,,,,
22,Управление проектами,22,,"р.32 626 500,00","р.8 893 000,00","1,412188629","1,424817752",,,,,
23,Планирование,22,,"р.203 082 500,00","р.15 284 500,00","1,613731808","1,788811516",,,,,
24,Мотивация команды,22,,"р.272 773 000,00","р.44 628 500,00","1,612710218","1,466089585",,,,,
1,Спорт,23,,"р.17 153 000,00","р.2 396 500,00","1,573525365","1,421411625",,,,,
2,Питание ,23,,"р.38 488 500,00","р.2 430 000,00","1,780144304","1,525902669",,,,,
3,Сон,23,,"р.172 363 500,00","р.21 057 000,00","1,422058957","1,483566421",,,,,
4,Мозг,23,,"р.363 711 500,00","р.76 408 000,00","1,575801361","1,687344036",,,,,
5,Дисциплина,23,,"р.27 720 500,00","р.8 090 500,00","1,53618731","1,651459482",,,,,
6,Инициативность,23,,"р.104 574 500,00","р.11 645 000,00","1,749878683","1,54843428",,,,,
7,Стрессоустойчивость,23,,"р.103 085 000,00","р.13 902 000,00","1,793250413","1,428336587",,,,,
8,Креативность,23,,"р.320 404 000,00","р.40 245 500,00","1,461537058","1,556344019",,,,,
9,Этика,23,,"р.160 673 500,00","р.19 053 500,00","1,783052108","1,62447779",,,,,
10,Самоуверенность,23,,"р.1 330 738 000,00","р.67 542 000,00","1,607970628","1,650949622",,,,,
11,Эмоциональный интеллект,23,,"р.1 821 950 500,00","р.165 790 500,00","1,424888839","1,619569783",,,,,
12,Критическое мышление,23,,"р.10 595 077 500,00","р.433 364 000,00","1,523328538","1,465045089",,,,,
13,Внимание,23,,"р.22 688 398 500,00","р.732 662 000,00","1,796561618","1,589019645",,,,,
14,Память,23,,"р.41 102 759 000,00","р.733 463 500,00","1,40189417","1,441498958",,,,,
15,Логика,23,,"р.31 245 500,00","р.5 040 500,00","1,504103786","1,417662776",,,,,
16,Умение убеждать,23,,"р.76 906 500,00","р.10 283 500,00","1,497488171","1,423814469",,,,,
17,Ведение переговоров,23,,"р.233 420 000,00","р.16 279 500,00","1,662115348","1,548437723",,,,,
18,Эмпатия,23,,"р.443 744 500,00","р.25 091 000,00","1,745475965","1,705362604",,,,,
19,Управление конфликтами,23,,"р.707 793 000,00","р.54 484 000,00","1,753914318","1,477732574",,,,,
20,Публичные выступления,23,,"р.1 413 884 500,00","р.152 852 000,00","1,592611324","1,726965619",,,,,
21,Лидерство,23,,"р.35 037 500,00","р.4 829 500,00","1,600836113","1,432873461",,,,,
22,Управление проектами,23,,"р.51 709 000,00","р.14 459 000,00","1,584877324","1,625885528",,,,,
23,Планирование,23,,"р.355 615 500,00","р.27 133 500,00","1,751088843","1,775229808",,,,,
24,Мотивация команды,23,,"р.461 319 500,00","р.75 870 000,00","1,691221272","1,700034731",,,,,
1,Спорт,24,,"р.29 920 000,00","р.4 276 000,00","1,744301288","1,784268725",,,,,
2,Питание ,24,,"р.57 717 000,00","р.4 049 500,00","1,499590787","1,666460905",,,,,
3,Сон,24,,"р.252 340 500,00","р.30 267 500,00","1,464001949","1,437407988",,,,,
4,Мозг,24,,"р.639 792 500,00","р.126 713 500,00","1,759065908","1,658380013",,,,,
5,Дисциплина,24,,"р.49 625 500,00","р.13 054 000,00","1,790209412","1,613497312",,,,,
6,Инициативность,24,,"р.150 325 000,00","р.16 818 000,00","1,437491932","1,444224989",,,,,
7,Стрессоустойчивость,24,,"р.173 003 500,00","р.20 396 500,00","1,678260659","1,467162998",,,,,
8,Креативность,24,,"р.564 568 500,00","р.58 724 000,00","1,762051972","1,459144501",,,,,
9,Этика,24,,"р.288 819 000,00","р.29 674 000,00","1,797552179","1,557404151",,,,,
10,Самоуверенность,24,,"р.2 040 723 500,00","р.116 667 500,00","1,533527637","1,727332623",,,,,
11,Эмоциональный интеллект,24,,"р.2 672 855 000,00","р.285 046 500,00","1,467029428","1,719317452",,,,,
12,Критическое мышление,24,,"р.16 891 167 000,00","р.767 200 500,00","1,594246668","1,770337407",,,,,
13,Внимание,24,,"р.39 647 945 500,00","р.1 065 567 000,00","1,747498639","1,454377325",,,,,
14,Память,24,,"р.70 542 256 500,00","р.1 225 806 500,00","1,716241396","1,67125767",,,,,
15,Логика,24,,"р.54 792 000,00","р.8 993 500,00","1,753596518","1,784247594",,,,,
16,Умение убеждать,24,,"р.111 822 500,00","р.14 405 500,00","1,454005838","1,400836291",,,,,
17,Ведение переговоров,24,,"р.419 995 000,00","р.25 174 000,00","1,799310256","1,546361989",,,,,
18,Эмпатия,24,,"р.752 379 000,00","р.37 239 000,00","1,695522987","1,484157666",,,,,
19,Управление конфликтами,24,,"р.1 203 622 000,00","р.78 488 000,00","1,700528262","1,440569709",,,,,
20,Публичные выступления,24,,"р.2 136 757 000,00","р.214 132 000,00","1,511267009","1,400910685",,,,,
21,Лидерство,24,,"р.53 963 500,00","р.8 374 000,00","1,54016411","1,733926908",,,,,
22,Управление проектами,24,,"р.73 079 500,00","р.22 205 000,00","1,413283954","1,535721696",,,,,
23,Планирование,24,,"р.615 238 500,00","р.38 803 500,00","1,730066603","1,430095638",,,,,
24,Мотивация команды,24,,"р.788 341 500,00","р.123 620 000,00","1,708883973","1,629366021",,,,,
1,Спорт,25,,"р.53 224 000,00","р.6 014 500,00","1,778877005","1,406571562",,,,,
2,Питание ,25,,"р.85 586 000,00","р.7 240 500,00","1,482856004","1,787998518",,,,,
3,Сон,25,,"р.410 520 000,00","р.53 053 500,00","1,626849436","1,752820682",,,,,
4,Мозг,25,,"р.1 016 856 500,00","р.188 383 000,00","1,589353579","1,486684528",,,,,
5,Дисциплина,25,,"р.87 587 000,00","р.22 773 500,00","1,764959547","1,744561054",,,,,
6,Инициативность,25,,"р.219 179 500,00","р.26 235 000,00","1,458037585","1,559935783",,,,,
7,Стрессоустойчивость,25,,"р.256 258 000,00","р.36 309 000,00","1,481230149","1,780158361",,,,,
8,Креативность,25,,"р.986 875 500,00","р.91 911 000,00","1,748017291","1,565135209",,,,,
9,Этика,25,,"р.463 871 500,00","р.47 849 500,00","1,606097591","1,612505897",,,,,
10,Самоуверенность,25,,"р.3 425 785 500,00","р.186 153 500,00","1,678711251","1,595590031",,,,,
11,Эмоциональный интеллект,25,,"р.3 954 396 500,00","р.484 765 500,00","1,479465403","1,700654104",,,,,
12,Критическое мышление,25,,"р.26 532 702 000,00","р.1 123 502 500,00","1,570803367","1,464418363",,,,,
13,Внимание,25,,"р.61 913 387 000,00","р.1 824 655 500,00","1,561578695","1,712379888",,,,,
14,Память,25,,"р.108 303 092 500,00","р.1 803 717 000,00","1,535293849","1,471453284",,,,,
15,Логика,25,,"р.84 306 500,00","р.12 999 500,00","1,538664404","1,445432813",,,,,
16,Умение убеждать,25,,"р.175 128 000,00","р.22 136 500,00","1,566124885","1,536670022",,,,,
17,Ведение переговоров,25,,"р.674 837 000,00","р.40 261 500,00","1,60677389","1,599328672",,,,,
18,Эмпатия,25,,"р.1 318 390 000,00","р.56 152 500,00","1,752295053","1,507894949",,,,,
19,Управление конфликтами,25,,"р.2 032 647 000,00","р.127 134 000,00","1,688775213","1,619789012",,,,,
20,Публичные выступления,25,,"р.3 414 733 500,00","р.347 852 500,00","1,598091641","1,624476958",,,,,
21,Лидерство,25,,"р.90 893 000,00","р.12 461 500,00","1,684342194","1,488117984",,,,,
22,Управление проектами,25,,"р.105 744 000,00","р.32 105 500,00","1,446972133","1,445868048",,,,,
23,Планирование,25,,"р.925 814 000,00","р.69 508 500,00","1,504805047","1,7912946",,,,,
24,Мотивация команды,25,,"р.1 154 113 500,00","р.201 813 000,00","1,463976589","1,632527099",,,,,
1,Спорт,26,,"р.79 765 500,00","р.8 534 500,00","1,49867541","1,418987447",,,,,
2,Питание ,26,,"р.152 169 500,00","р.11 754 500,00","1,777971865","1,623437608",,,,,
3,Сон,26,,"р.736 560 000,00","р.77 480 500,00","1,794212219","1,460422027",,,,,
4,Мозг,26,,"р.1 502 344 000,00","р.333 229 000,00","1,47743954","1,768891036",,,,,
5,Дисциплина,26,,"р.154 699 500,00","р.34 802 000,00","1,76623814","1,528179683",,,,,
6,Инициативность,26,,"р.358 506 500,00","р.44 501 500,00","1,635675325","1,696264532",,,,,
7,Стрессоустойчивость,26,,"р.420 699 500,00","р.59 759 000,00","1,641702893","1,645845383",,,,,
8,Креативность,26,,"р.1 608 228 500,00","р.164 988 500,00","1,6296164","1,795089815",,,,,
9,Этика,26,,"р.734 568 500,00","р.80 762 000,00","1,583560318","1,687833729",,,,,
10,Самоуверенность,26,,"р.5 170 193 000,00","р.323 683 500,00","1,509199277","1,738798894",,,,,
11,Эмоциональный интеллект,26,,"р.6 322 409 000,00","р.762 615 500,00","1,598830315","1,573163726",,,,,
12,Критическое мышление,26,,"р.45 017 532 000,00","р.1 727 434 000,00","1,696681024","1,53754353",,,,,
13,Внимание,26,,"р.87 692 101 000,00","р.2 721 870 000,00","1,416367368","1,491717204",,,,,
14,Память,26,,"р.173 421 379 500,00","р.3 020 278 000,00","1,601259719","1,674474433",,,,,
15,Логика,26,,"р.125 754 500,00","р.22 639 500,00","1,49163469","1,741566983",,,,,
16,Умение убеждать,26,,"р.304 134 000,00","р.31 044 500,00","1,736638345","1,402412305",,,,,
17,Ведение переговоров,26,,"р.964 699 500,00","р.65 750 500,00","1,429529649","1,633086199",,,,,
18,Эмпатия,26,,"р.1 846 060 500,00","р.81 105 000,00","1,400238549","1,444370242",,,,,
19,Управление конфликтами,26,,"р.3 198 398 500,00","р.196 214 500,00","1,573513994","1,543367628",,,,,
20,Публичные выступления,26,,"р.4 911 843 000,00","р.562 733 000,00","1,438426454","1,617734528",,,,,
21,Лидерство,26,,"р.130 730 500,00","р.21 653 000,00","1,438290077","1,737591783",,,,,
22,Управление проектами,26,,"р.168 753 500,00","р.56 542 500,00","1,595868323","1,761146844",,,,,
23,Планирование,26,,"р.1 486 011 500,00","р.103 165 000,00","1,605086443","1,484206967",,,,,
24,Мотивация команды,26,,"р.1 786 731 000,00","р.315 772 500,00","1,548141496","1,564678688",,,,,
1,Спорт,27,,"р.135 013 500,00","р.13 488 500,00","1,692630272","1,580467514",,,,,
2,Питание ,27,,"р.244 180 000,00","р.16 468 500,00","1,604657964","1,4010379",,,,,
3,Сон,27,,"р.1 315 365 500,00","р.132 252 500,00","1,785822608","1,706913352",,,,,
4,Мозг,27,,"р.2 159 824 000,00","р.466 589 000,00","1,437636121","1,400205264",,,,,
5,Дисциплина,27,,"р.263 980 000,00","р.49 123 500,00","1,706404998","1,411513706",,,,,
6,Инициативность,27,,"р.506 365 000,00","р.79 371 000,00","1,412429063","1,783557858",,,,,
7,Стрессоустойчивость,27,,"р.749 273 000,00","р.97 593 000,00","1,781017092","1,633109657",,,,,
8,Креативность,27,,"р.2 480 835 500,00","р.294 497 500,00","1,542588942","1,784957739",,,,,
9,Этика,27,,"р.1 290 139 000,00","р.117 796 500,00","1,756322249","1,458563433",,,,,
10,Самоуверенность,27,,"р.8 508 421 000,00","р.574 671 000,00","1,645667966","1,775410239",,,,,
11,Эмоциональный интеллект,27,,"р.9 635 735 500,00","р.1 103 046 500,00","1,524060765","1,446399267",,,,,
12,Критическое мышление,27,,"р.63 879 274 000,00","р.3 070 907 000,00","1,418986585","1,777727543",,,,,
13,Внимание,27,,"р.139 774 567 500,00","р.4 614 281 500,00","1,593924263","1,69526153",,,,,
14,Память,27,,"р.262 019 591 500,00","р.4 639 704 500,00","1,510884023","1,536184583",,,,,
15,Логика,27,,"р.210 690 500,00","р.36 465 500,00","1,675411218","1,610702533",,,,,
16,Умение убеждать,27,,"р.484 309 500,00","р.49 638 500,00","1,592421433","1,598946673",,,,,
17,Ведение переговоров,27,,"р.1 538 896 000,00","р.111 016 000,00","1,595207627","1,688443434",,,,,
18,Эмпатия,27,,"р.3 155 009 000,00","р.138 967 000,00","1,709049622","1,713420874",,,,,
19,Управление конфликтами,27,,"р.4 833 587 500,00","р.346 587 500,00","1,511252428","1,766370477",,,,,
20,Публичные выступления,27,,"р.7 391 723 500,00","р.985 501 500,00","1,504877802","1,751277249",,,,,
21,Лидерство,27,,"р.205 395 500,00","р.33 756 000,00","1,571136804","1,55895257",,,,,
22,Управление проектами,27,,"р.258 087 500,00","р.80 388 000,00","1,529375687","1,421727019",,,,,
23,Планирование,27,,"р.2 311 306 500,00","р.167 965 500,00","1,555375917","1,628124849",,,,,
24,Мотивация команды,27,,"р.2 886 432 000,00","р.530 826 500,00","1,615482129","1,681040939",,,,,
1,Спорт,28,,"р.219 959 000,00","р.22 072 000,00","1,62916301","1,636356897",,,,,
2,Питание ,28,,"р.363 535 000,00","р.24 525 500,00","1,488799246","1,489237028",,,,,
3,Сон,28,,"р.2 066 831 000,00","р.209 162 000,00","1,571297864","1,581535321",,,,,
4,Мозг,28,,"р.3 866 594 000,00","р.739 365 000,00","1,790235686","1,584617297",,,,,
5,Дисциплина,28,,"р.443 650 500,00","р.77 824 000,00","1,680621638","1,584251936",,,,,
6,Инициативность,28,,"р.777 659 500,00","р.135 490 000,00","1,535768665","1,707046654",,,,,
7,Стрессоустойчивость,28,,"р.1 109 260 000,00","р.165 244 000,00","1,480448381","1,693195209",,,,,
8,Креативность,28,,"р.4 409 097 000,00","р.412 424 000,00","1,777262942","1,400432941",,,,,
9,Этика,28,,"р.2 248 772 500,00","р.211 917 500,00","1,743046679","1,799013553",,,,,
10,Самоуверенность,28,,"р.12 186 166 000,00","р.862 510 500,00","1,432247652","1,500877024",,,,,
11,Эмоциональный интеллект,28,,"р.15 026 960 000,00","р.1 903 271 000,00","1,559503164","1,725467603",,,,,
12,Критическое мышление,28,,"р.104 301 122 500,00","р.4 819 896 000,00","1,632785033","1,569534994",,,,,
13,Внимание,28,,"р.235 794 758 500,00","р.7 204 503 500,00","1,68696468","1,561348934",,,,,
14,Память,28,,"р.464 750 864 500,00","р.6 902 873 500,00","1,773725628","1,487783004",,,,,
15,Логика,28,,"р.347 934 500,00","р.54 890 500,00","1,651400989","1,505272107",,,,,
16,Умение убеждать,28,,"р.726 695 500,00","р.72 528 000,00","1,500477484","1,461123926",,,,,
17,Ведение переговоров,28,,"р.2 343 065 000,00","р.195 364 000,00","1,522562278","1,759782374",,,,,
18,Эмпатия,28,,"р.5 336 445 000,00","р.248 357 500,00","1,691419898","1,787168896",,,,,
19,Управление конфликтами,28,,"р.7 795 825 500,00","р.543 187 500,00","1,6128446","1,567244924",,,,,
20,Публичные выступления,28,,"р.13 047 151 000,00","р.1 641 355 000,00","1,765102685","1,665502285",,,,,
21,Лидерство,28,,"р.297 920 500,00","р.49 258 000,00","1,450472381","1,459236876",,,,,
22,Управление проектами,28,,"р.363 090 500,00","р.118 449 500,00","1,40685039","1,473472409",,,,,
23,Планирование,28,,"р.3 253 166 500,00","р.254 400 500,00","1,407501125","1,514599724",,,,,
24,Мотивация команды,28,,"р.4 050 540 000,00","р.746 843 000,00","1,403303456","1,4069437",,,,,
1,Спорт,29,,"р.333 405 000,00","р.31 230 000,00","1,515759755","1,414914824",,,,,
2,Питание ,29,,"р.587 876 500,00","р.37 241 000,00","1,617111145","1,518460378",,,,,
3,Сон,29,,"р.3 693 965 000,00","р.304 963 500,00","1,787260303","1,458025358",,,,,
4,Мозг,29,,"р.6 139 780 500,00","р.1 246 107 000,00","1,587904109","1,685374612",,,,,
5,Дисциплина,29,,"р.751 175 500,00","р.111 959 500,00","1,693169511","1,438624332",,,,,
6,Инициативность,29,,"р.1 378 763 000,00","р.224 473 000,00","1,772964903","1,656749576",,,,,
7,Стрессоустойчивость,29,,"р.1 744 413 500,00","р.243 168 000,00","1,572592088","1,471569316",,,,,
8,Креативность,29,,"р.7 611 021 000,00","р.634 629 000,00","1,726208564","1,538778054",,,,,
9,Этика,29,,"р.3 462 517 500,00","р.332 317 500,00","1,539736679","1,568145623",,,,,
10,Самоуверенность,29,,"р.20 937 643 500,00","р.1 295 511 500,00","1,718148555","1,502024033",,,,,
11,Эмоциональный интеллект,29,,"р.22 120 406 500,00","р.2 864 346 000,00","1,472048006","1,50495962",,,,,
12,Критическое мышление,29,,"р.165 697 253 500,00","р.8 456 365 500,00","1,588643051","1,754470532",,,,,
13,Внимание,29,,"р.387 288 511 500,00","р.10 211 536 500,00","1,642481427","1,417382405",,,,,
14,Память,29,,"р.828 083 440 000,00","р.11 595 994 000,00","1,781779235","1,679879256",,,,,
15,Логика,29,,"р.506 327 000,00","р.78 864 000,00","1,455236546","1,43675135",,,,,
16,Умение убеждать,29,,"р.1 186 721 500,00","р.122 657 500,00","1,633038184","1,691174443",,,,,
17,Ведение переговоров,29,,"р.3 883 006 500,00","р.287 858 500,00","1,657233794","1,473447001",,,,,
18,Эмпатия,29,,"р.7 873 962 500,00","р.440 896 000,00","1,475507103","1,775247375",,,,,
19,Управление конфликтами,29,,"р.12 190 604 500,00","р.886 259 500,00","1,563734912","1,631590381",,,,,
20,Публичные выступления,29,,"р.20 208 163 500,00","р.2 397 391 500,00","1,548856413","1,460617295",,,,,
21,Лидерство,29,,"р.522 502 500,00","р.80 162 000,00","1,753831979","1,627390475",,,,,
22,Управление проектами,29,,"р.550 025 000,00","р.189 200 000,00","1,514842718","1,597305181",,,,,
23,Планирование,29,,"р.5 239 144 500,00","р.418 759 000,00","1,610475363","1,646062016",,,,,
24,Мотивация команды,29,,"р.6 646 320 500,00","р.1 329 496 000,00","1,64084801","1,780154597",,,,,
1,Спорт,30,,"р.468 445 000,00","р.46 291 000,00","1,405032918","1,482260647",,,,,
2,Питание ,30,,"р.955 888 000,00","р.59 940 000,00","1,62600138","1,609516393",,,,,
3,Сон,30,,"р.6 225 162 000,00","р.494 444 500,00","1,685224955","1,621323535",,,,,
4,Мозг,30,,"р.10 135 831 000,00","р.2 011 226 500,00","1,650845824","1,614007866",,,,,
5,Дисциплина,30,,"р.1 173 838 500,00","р.188 259 500,00","1,562668777","1,681496434",,,,,
6,Инициативность,30,,"р.2 316 187 000,00","р.397 128 500,00","1,679902202","1,76915932",,,,,
7,Стрессоустойчивость,30,,"р.2 947 877 500,00","р.363 609 000,00","1,68989606","1,495299546",,,,,
8,Креативность,30,,"р.11 900 750 000,00","р.942 238 000,00","1,563620702","1,484706813",,,,,
9,Этика,30,,"р.5 582 938 000,00","р.502 567 500,00","1,612392717","1,512311269",,,,,
10,Самоуверенность,30,,"р.29 366 274 000,00","р.2 026 029 000,00","1,402558698","1,563883455",,,,,
11,Эмоциональный интеллект,30,,"р.35 758 488 000,00","р.4 192 406 500,00","1,616538466","1,463652261",,,,,
12,Критическое мышление,30,,"р.270 911 399 000,00","р.15 038 992 000,00","1,63497821","1,778422657",,,,,
13,Внимание,30,,"р.596 425 714 000,00","р.17 272 969 000,00","1,540003631","1,69151518",,,,,
14,Память,30,,"р.1 461 291 903 000,00","р.18 540 755 000,00","1,764667463","1,598893118",,,,,
15,Логика,30,,"р.805 774 500,00","р.136 682 000,00","1,591411282","1,733135524",,,,,
16,Умение убеждать,30,,"р.1 906 431 000,00","р.191 862 000,00","1,606468746","1,564209282",,,,,
17,Ведение переговоров,30,,"р.6 724 104 500,00","р.430 189 500,00","1,731674799","1,494447793",,,,,
18,Эмпатия,30,,"р.13 768 472 000,00","р.686 369 500,00","1,748607769","1,556760551",,,,,
19,Управление конфликтами,30,,"р.17 715 643 500,00","р.1 486 279 000,00","1,453221085","1,677024619",,,,,
20,Публичные выступления,30,,"р.33 881 239 000,00","р.3 801 518 000,00","1,676611484","1,585689279",,,,,
21,Лидерство,30,,"р.858 689 000,00","р.122 281 500,00","1,64341606","1,525429755",,,,,
22,Управление проектами,30,,"р.836 722 000,00","р.286 235 500,00","1,52124358","1,512872622",,,,,
23,Планирование,30,,"р.9 285 330 000,00","р.654 549 000,00","1,772298893","1,563068495",,,,,
24,Мотивация команды,30,,"р.11 877 974 000,00","р.1 920 186 500,00","1,787150349","1,444296561",,,,,